-- ============================================================
-- CineMatch Database Sample Data
-- File: sample_data.sql
-- Description: Comprehensive seed data:
--   20 genres, 30 directors, 30 actors, 50 movies,
--   20 movie_actors, 50 users, 200 ratings, 80 reviews,
--   100 watchlist entries, 30 recommendations
-- ============================================================

USE cinematch_db;

-- Disable FK checks during bulk insert for speed
SET FOREIGN_KEY_CHECKS = 0;

-- ============================================================
-- 1. GENRES (20)
-- ============================================================
INSERT INTO genres (genre_id, genre_name) VALUES
(1,  'Action'),
(2,  'Comedy'),
(3,  'Drama'),
(4,  'Thriller'),
(5,  'Sci-Fi'),
(6,  'Fantasy'),
(7,  'Animation'),
(8,  'Crime'),
(9,  'Romance'),
(10, 'Adventure'),
(11, 'Horror'),
(12, 'Mystery'),
(13, 'Biography'),
(14, 'History'),
(15, 'Documentary'),
(16, 'Musical'),
(17, 'Western'),
(18, 'Sport'),
(19, 'War'),
(20, 'Family');

-- ============================================================
-- 2. DIRECTORS (30)
-- ============================================================
INSERT INTO directors (director_id, director_name, country, birth_date) VALUES
(1,  'Christopher Nolan',    'United Kingdom', '1970-07-30'),
(2,  'Steven Spielberg',     'USA',            '1946-12-18'),
(3,  'James Cameron',        'Canada',         '1954-08-16'),
(4,  'Ridley Scott',         'United Kingdom', '1937-11-30'),
(5,  'Martin Scorsese',      'USA',            '1942-11-17'),
(6,  'Quentin Tarantino',    'USA',            '1963-03-27'),
(7,  'David Fincher',        'USA',            '1962-08-28'),
(8,  'Denis Villeneuve',     'Canada',         '1967-10-03'),
(9,  'Alfonso Cuaron',       'Mexico',         '1961-11-28'),
(10, 'Peter Jackson',        'New Zealand',    '1961-10-31'),
(11, 'Francis Ford Coppola', 'USA',            '1939-04-07'),
(12, 'Stanley Kubrick',      'USA',            '1928-07-26'),
(13, 'Tim Burton',           'USA',            '1958-08-25'),
(14, 'Wes Anderson',         'USA',            '1969-05-01'),
(15, 'Darren Aronofsky',     'USA',            '1969-02-12'),
(16, 'Guillermo del Toro',   'Mexico',         '1964-10-09'),
(17, 'Paul Thomas Anderson', 'USA',            '1970-06-26'),
(18, 'Clint Eastwood',       'USA',            '1930-05-31'),
(19, 'Steven Soderbergh',    'USA',            '1963-01-14'),
(20, 'Ron Howard',           'USA',            '1954-03-01'),
(21, 'Frank Darabont',       'USA',            '1959-01-28'),
(22, 'Robert Zemeckis',      'USA',            '1952-05-14'),
(23, 'Lana Wachowski',       'USA',            '1965-06-21'),
(24, 'Jonathan Demme',       'USA',            '1944-02-22'),
(25, 'Bryan Singer',         'USA',            '1965-09-17'),
(26, 'Bong Joon-ho',         'South Korea',    '1969-09-14'),
(27, 'Todd Phillips',        'USA',            '1970-12-20'),
(28, 'Joe Russo',            'USA',            '1971-07-18'),
(29, 'Pete Docter',          'USA',            '1968-10-09'),
(30, 'Andrew Stanton',       'USA',            '1965-12-03');

-- ============================================================
-- 3. ACTORS (30)
-- ============================================================
INSERT INTO actors (actor_id, actor_name, birth_date, country) VALUES
(1,  'Leonardo DiCaprio',  '1974-11-11', 'USA'),
(2,  'Morgan Freeman',     '1937-06-01', 'USA'),
(3,  'Tom Hanks',          '1956-07-09', 'USA'),
(4,  'Christian Bale',     '1974-01-30', 'United Kingdom'),
(5,  'Brad Pitt',          '1963-12-18', 'USA'),
(6,  'Matt Damon',         '1970-10-08', 'USA'),
(7,  'Robert Downey Jr.',  '1965-04-04', 'USA'),
(8,  'Heath Ledger',       '1979-04-04', 'Australia'),
(9,  'Jodie Foster',       '1962-11-19', 'USA'),
(10, 'Anthony Hopkins',    '1937-12-31', 'United Kingdom'),
(11, 'Samuel L. Jackson',  '1948-12-21', 'USA'),
(12, 'Jack Nicholson',     '1937-04-22', 'USA'),
(13, 'Meryl Streep',       '1949-06-22', 'USA'),
(14, 'Cate Blanchett',     '1969-05-14', 'Australia'),
(15, 'Natalie Portman',    '1981-06-09', 'USA'),
(16, 'Keanu Reeves',       '1964-09-02', 'Canada'),
(17, 'Al Pacino',          '1940-04-25', 'USA'),
(18, 'Marlon Brando',      '1924-04-03', 'USA'),
(19, 'Charlize Theron',    '1975-08-07', 'South Africa'),
(20, 'Kate Winslet',       '1975-10-05', 'United Kingdom'),
(21, 'Scarlett Johansson', '1984-11-22', 'USA'),
(22, 'Chris Evans',        '1981-06-13', 'USA'),
(23, 'Joaquin Phoenix',    '1974-10-28', 'USA'),
(24, 'Viola Davis',        '1965-08-11', 'USA'),
(25, 'Matthew McConaughey','1969-11-04', 'USA'),
(26, 'Anne Hathaway',      '1982-11-12', 'USA'),
(27, 'Edward Norton',      '1969-08-18', 'USA'),
(28, 'Elijah Wood',        '1981-01-28', 'USA'),
(29, 'Song Kang-ho',       '1967-01-17', 'South Korea'),
(30, 'Emma Stone',         '1988-11-06', 'USA');

-- ============================================================
-- 4. MOVIES (50)
-- ============================================================
INSERT INTO movies (movie_id, title, release_year, duration, language, imdb_rating, description, poster_url, age_rating, genre_id, director_id, avg_rating, total_ratings, engagement_count) VALUES
(1,  'The Dark Knight',           2008, 152, 'English', 9.0, 'When the menace known as the Joker wreaks havoc on Gotham City, Batman must accept one of the greatest psychological and physical tests of his ability to fight injustice.',                             'https://example.com/posters/dark_knight.jpg',        'PG-13', 1,  1,  4.85, 38, 55),
(2,  'Inception',                 2010, 148, 'English', 8.8, 'A thief who steals corporate secrets through dream-sharing technology is given the inverse task of planting an idea into the mind of a CEO.',                                                              'https://example.com/posters/inception.jpg',           'PG-13', 5,  1,  4.70, 35, 48),
(3,  'The Shawshank Redemption',  1994, 142, 'English', 9.3, 'Two imprisoned men bond over a number of years, finding solace and eventual redemption through acts of common decency.',                                                                                  'https://example.com/posters/shawshank.jpg',           'R',     3,  21, 4.90, 40, 60),
(4,  'Forrest Gump',              1994, 142, 'English', 8.8, 'The presidencies of Kennedy and Johnson, the Vietnam War, the Watergate scandal and other historical events unfold through the perspective of an Alabama man with an IQ of 75.',                          'https://example.com/posters/forrest_gump.jpg',        'PG-13', 3,  22, 4.75, 36, 52),
(5,  'The Godfather',             1972, 175, 'English', 9.2, 'The aging patriarch of an organized crime dynasty transfers control of his clandestine empire to his reluctant son.',                                                                                    'https://example.com/posters/godfather.jpg',           'R',     8,  11, 4.88, 39, 58),
(6,  'Pulp Fiction',              1994, 154, 'English', 8.9, 'The lives of two mob hitmen, a boxer, a gangster and his wife, and a pair of diner bandits intertwine in four tales of violence and redemption.',                                                         'https://example.com/posters/pulp_fiction.jpg',        'R',     8,  6,  4.80, 37, 54),
(7,  'The Matrix',                1999, 136, 'English', 8.7, 'When a beautiful stranger leads computer hacker Neo to a forbidding underworld, he discovers the shocking truth—the life he knows is the elaborate deception of an evil cyber-intelligence.',             'https://example.com/posters/matrix.jpg',              'R',     5,  23, 4.65, 34, 50),
(8,  'Interstellar',              2014, 169, 'English', 8.7, 'A team of explorers travel through a wormhole in space in an attempt to ensure humanity\'s survival.',                                                                                                   'https://example.com/posters/interstellar.jpg',        'PG-13', 5,  1,  4.72, 35, 49),
(9,  'Goodfellas',                1990, 146, 'English', 8.7, 'The story of Henry Hill and his life in the mob, covering his relationship with his wife Karen Hill and his mob partners Jimmy Conway and Tommy DeVito.',                                                  'https://example.com/posters/goodfellas.jpg',          'R',     8,  5,  4.68, 33, 47),
(10, 'Schindler\'s List',         1993, 195, 'English', 9.0, 'In German-occupied Poland during World War II, industrialist Oskar Schindler gradually becomes concerned for his Jewish workforce after witnessing their persecution by the Nazis.',                       'https://example.com/posters/schindlers_list.jpg',     'R',     14, 2,  4.85, 38, 56),
(11, 'Fight Club',                1999, 139, 'English', 8.8, 'An insomniac office worker and a devil-may-care soap maker form an underground fight club that evolves into something much, much more.',                                                                   'https://example.com/posters/fight_club.jpg',          'R',     4,  7,  4.78, 36, 52),
(12, 'The Silence of the Lambs',  1991, 118, 'English', 8.6, 'A young FBI cadet must receive the help of an incarcerated and manipulative cannibal killer to help catch another serial killer.',                                                                        'https://example.com/posters/silence_lambs.jpg',       'R',     4,  24, 4.70, 35, 50),
(13, 'Se7en',                     1995, 127, 'English', 8.6, 'Two detectives, a rookie and a veteran, hunt a serial killer who uses the seven deadly sins as his motives.',                                                                                            'https://example.com/posters/se7en.jpg',               'R',     8,  7,  4.65, 33, 48),
(14, 'The Usual Suspects',        1995, 106, 'English', 8.5, 'The sole survivor of a massacre tells police about a crime lord named Keyser Soze who hired him and his cohorts to complete a complex heist.',                                                            'https://example.com/posters/usual_suspects.jpg',      'R',     12, 25, 4.60, 32, 45),
(15, 'Memento',                   2000, 113, 'English', 8.4, 'A man with short-term memory loss attempts to track down his wife\'s murderer.',                                                                                                                          'https://example.com/posters/memento.jpg',             'R',     12, 1,  4.55, 31, 44),
(16, 'Parasite',                  2019, 132, 'Korean',  8.5, 'Greed and class discrimination threaten the newly formed symbiotic relationship between the wealthy Park family and the destitute Kim clan.',                                                             'https://example.com/posters/parasite.jpg',            'R',     4,  26, 4.72, 35, 51),
(17, 'Joker',                     2019, 122, 'English', 8.4, 'In Gotham City, mentally troubled comedian Arthur Fleck is disregarded and mistreated by society. He then embarks on a downward spiral of revolution and bloody crime.',                                  'https://example.com/posters/joker.jpg',               'R',     4,  27, 4.60, 32, 46),
(18, 'Avengers: Endgame',         2019, 181, 'English', 8.4, 'After the devastating events of Infinity War, the Avengers assemble once more to reverse Thanos\'s actions and restore balance to the universe.',                                                        'https://example.com/posters/avengers_endgame.jpg',    'PG-13', 1,  28, 4.55, 30, 44),
(19, 'The Lion King',             1994, 88,  'English', 8.5, 'Lion prince Simba and his father are targeted by his wicked uncle, who wants to ascend the throne himself.',                                                                                             'https://example.com/posters/lion_king.jpg',           'G',     7,  2,  4.65, 33, 48),
(20, 'Finding Nemo',              2003, 100, 'English', 8.1, 'After his son is captured in the Great Barrier Reef, a timid clownfish sets out on a journey to bring him home.',                                                                                        'https://example.com/posters/finding_nemo.jpg',        'G',     7,  30, 4.45, 29, 42),
(21, 'The Lord of the Rings: The Fellowship of the Ring', 2001, 178, 'English', 8.8, 'A meek Hobbit from the Shire and eight companions set out on a journey to destroy the powerful One Ring and save Middle-earth.',                                                 'https://example.com/posters/lotr_fotr.jpg',           'PG-13', 6,  10, 4.80, 37, 54),
(22, 'Gladiator',                 2000, 155, 'English', 8.5, 'A former Roman General sets out to exact vengeance against the corrupt emperor who murdered his family.',                                                                                                'https://example.com/posters/gladiator.jpg',           'R',     1,  4,  4.68, 34, 50),
(23, 'The Departed',              2006, 151, 'English', 8.5, 'An undercover cop and a mole in the police attempt to identify each other while infiltrating an Irish gang in South Boston.',                                                                             'https://example.com/posters/departed.jpg',            'R',     8,  5,  4.70, 35, 51),
(24, 'Titanic',                   1997, 194, 'English', 7.9, 'A seventeen-year-old aristocrat falls in love with a kind but poor artist aboard the luxurious, ill-fated R.M.S. Titanic.',                                                                             'https://example.com/posters/titanic.jpg',             'PG-13', 9,  3,  4.50, 30, 44),
(25, 'Avatar',                    2009, 162, 'English', 7.9, 'A paraplegic Marine dispatched to the moon Pandora on a unique mission becomes torn between following his orders and protecting the world he feels is his home.',                                         'https://example.com/posters/avatar.jpg',              'PG-13', 5,  3,  4.35, 28, 41),
(26, 'Blade Runner 2049',         2017, 164, 'English', 8.0, 'Young Blade Runner K\'s discovery of a long-buried secret leads him to track down former Blade Runner Rick Deckard.',                                                                                    'https://example.com/posters/blade_runner_2049.jpg',   'R',     5,  8,  4.40, 28, 42),
(27, 'Arrival',                   2016, 116, 'English', 7.9, 'A linguist works with the military to communicate with alien lifeforms after twelve mysterious spacecraft appear around the world.',                                                                      'https://example.com/posters/arrival.jpg',             'PG-13', 5,  8,  4.45, 29, 43),
(28, 'The Grand Budapest Hotel',  2014, 99,  'English', 8.1, 'A writer encounters the owner of an aging European hotel between the wars, and the adventure of his legendary concierge.',                                                                               'https://example.com/posters/grand_budapest.jpg',      'R',     2,  14, 4.55, 31, 45),
(29, 'Whiplash',                  2014, 107, 'English', 8.5, 'A promising young drummer enrolls at a cut-throat music conservatory where his dreams of greatness are mentored by an instructor who will stop at nothing to realize a student\'s potential.',            'https://example.com/posters/whiplash.jpg',            'R',     3,  17, 4.72, 35, 52),
(30, 'Black Swan',                2010, 108, 'English', 8.0, 'A committed dancer wins the lead role in a production of Tchaikovsky\'s Swan Lake only to find herself struggling to maintain her sanity.',                                                              'https://example.com/posters/black_swan.jpg',          'R',     4,  15, 4.50, 30, 45),
(31, 'Gravity',                   2013, 91,  'English', 7.7, 'Two astronauts work together to survive after an accident leaves them stranded in space.',                                                                                                               'https://example.com/posters/gravity.jpg',             'PG-13', 5,  9,  4.30, 27, 40),
(32, 'The Revenant',              2015, 156, 'English', 8.0, 'A frontiersman on a fur trading expedition in the 1820s fights for survival after being mauled by a bear.',                                                                                             'https://example.com/posters/revenant.jpg',            'R',     10, 9,  4.42, 28, 42),
(33, 'La La Land',                2016, 128, 'English', 8.0, 'While navigating their careers in Los Angeles, a pianist and an actress fall in love while attempting to reconcile their aspirations for the future.',                                                    'https://example.com/posters/la_la_land.jpg',          'PG-13', 16, 17, 4.45, 29, 43),
(34, 'Mad Max: Fury Road',        2015, 120, 'English', 8.1, 'In a post-apocalyptic wasteland, a woman rebels against a tyrannical ruler in search for her homeland with the aid of a group of female prisoners.',                                                     'https://example.com/posters/mad_max.jpg',             'R',     1,  4,  4.55, 31, 46),
(35, 'The Prestige',              2006, 130, 'English', 8.5, 'After a tragic accident, two stage magicians engage in a battle to create the ultimate illusion while sacrificing everything they have to outwit each other.',                                            'https://example.com/posters/prestige.jpg',            'PG-13', 4,  1,  4.65, 33, 48),
(36, 'Eternal Sunshine of the Spotless Mind', 2004, 108, 'English', 8.3, 'When their relationship turns sour, a couple undergoes a medical procedure to have each other erased from their memories.',                                                                 'https://example.com/posters/eternal_sunshine.jpg',    'R',     9,  19, 4.58, 32, 47),
(37, 'No Country for Old Men',    2007, 122, 'English', 8.1, 'Violence and mayhem ensue after a hunter stumbles upon a drug deal gone wrong and more than two million dollars in cash near the Rio Grande.',                                                           'https://example.com/posters/no_country.jpg',          'R',     4,  18, 4.50, 30, 44),
(38, 'The Truman Show',           1998, 103, 'English', 8.1, 'An insurance salesman discovers his whole life is actually a reality TV show.',                                                                                                                         'https://example.com/posters/truman_show.jpg',         'PG',    3,  19, 4.55, 31, 46),
(39, 'Oldboy',                    2003, 120, 'Korean',  8.4, 'After being kidnapped and imprisoned for fifteen years, Oh Dae-su is released only to find that he must find his captor in five days.',                                                                 'https://example.com/posters/oldboy.jpg',              'R',     4,  26, 4.60, 32, 47),
(40, 'Spirited Away',             2001, 125, 'Japanese',8.6, 'During her family\'s move to the suburbs, a sullen 10-year-old girl wanders into a world ruled by gods, witches, and spirits.',                                                                         'https://example.com/posters/spirited_away.jpg',       'PG',    7,  29, 4.70, 35, 52),
(41, 'A Beautiful Mind',          2001, 135, 'English', 8.2, 'After John Nash, a brilliant but asocial mathematician, accepts secret work in cryptography, his life takes a turn for the nightmarish.',                                                               'https://example.com/posters/beautiful_mind.jpg',      'PG-13', 13, 20, 4.52, 31, 46),
(42, 'The Pianist',               2002, 150, 'English', 8.5, 'A Polish Jewish musician struggles to survive the destruction of the Warsaw ghetto of World War II.',                                                                                                   'https://example.com/posters/pianist.jpg',             'R',     14, 2,  4.65, 33, 49),
(43, 'Braveheart',                1995, 178, 'English', 8.3, 'Scottish warrior William Wallace leads his countrymen in a rebellion to free his homeland from the tyranny of King Edward I of England.',                                                               'https://example.com/posters/braveheart.jpg',          'R',     14, 18, 4.55, 31, 46),
(44, 'Saving Private Ryan',       1998, 169, 'English', 8.6, 'Following the Normandy Landings, a group of U.S. soldiers go behind enemy lines to retrieve a paratrooper whose brothers have been killed in action.',                                                  'https://example.com/posters/saving_private_ryan.jpg', 'R',     19, 2,  4.72, 35, 52),
(45, 'The Social Network',        2010, 120, 'English', 7.7, 'As Harvard student Mark Zuckerberg creates the social networking site that would become known as Facebook, he is sued by the twins who claimed he stole their idea.',                                    'https://example.com/posters/social_network.jpg',      'PG-13', 13, 7,  4.40, 28, 42),
(46, 'Django Unchained',          2012, 165, 'English', 8.4, 'With the help of a German bounty hunter, a freed slave sets out to rescue his wife from a brutal Mississippi plantation owner.',                                                                        'https://example.com/posters/django.jpg',              'R',     17, 6,  4.65, 33, 49),
(47, 'The Wolf of Wall Street',   2013, 180, 'English', 8.2, 'Based on the true story of Jordan Belfort, from his rise to a wealthy stockbroker living the high life to his fall involving crime, corruption and the federal government.',                             'https://example.com/posters/wolf_wall_street.jpg',    'R',     13, 5,  4.55, 31, 46),
(48, 'Pan\'s Labyrinth',          2006, 118, 'Spanish', 8.2, 'In the Falangist Spain of 1944, the bookish young stepdaughter of a sadistic army officer escapes into an eerie but captivating fantasy world.',                                                        'https://example.com/posters/pans_labyrinth.jpg',      'R',     6,  16, 4.60, 32, 47),
(49, 'Ratatouille',               2007, 111, 'English', 8.1, 'A rat who can cook makes an unusual alliance with a young kitchen worker at a famous restaurant.',                                                                                                      'https://example.com/posters/ratatouille.jpg',         'G',     7,  29, 4.50, 30, 44),
(50, 'The Incredibles',           2004, 115, 'English', 8.0, 'A family of undercover superheroes, while trying to live the quiet suburban life, are forced into action to save the world.',                                                                           'https://example.com/posters/incredibles.jpg',         'PG',    7,  29, 4.45, 29, 43);

-- ============================================================
-- 5. MOVIE_ACTORS (20 entries)
-- ============================================================
INSERT INTO movie_actors (movie_id, actor_id) VALUES
(1,  4),   -- Dark Knight: Christian Bale
(1,  8),   -- Dark Knight: Heath Ledger
(2,  1),   -- Inception: Leonardo DiCaprio
(3,  2),   -- Shawshank: Morgan Freeman
(4,  3),   -- Forrest Gump: Tom Hanks
(5,  18),  -- Godfather: Marlon Brando
(5,  17),  -- Godfather: Al Pacino
(6,  5),   -- Pulp Fiction: Brad Pitt
(6,  11),  -- Pulp Fiction: Samuel L. Jackson
(7,  16),  -- Matrix: Keanu Reeves
(8,  25),  -- Interstellar: Matthew McConaughey
(8,  26),  -- Interstellar: Anne Hathaway
(10, 2),   -- Schindler's List: Morgan Freeman (Narrator feel)
(11, 27),  -- Fight Club: Edward Norton
(11, 5),   -- Fight Club: Brad Pitt
(12, 9),   -- Silence of the Lambs: Jodie Foster
(12, 10),  -- Silence of the Lambs: Anthony Hopkins
(16, 29),  -- Parasite: Song Kang-ho
(17, 23),  -- Joker: Joaquin Phoenix
(21, 28);  -- LOTR: Elijah Wood

-- ============================================================
-- 6. USERS (50)
-- ============================================================
INSERT INTO users (user_id, first_name, last_name, email, password, gender, date_of_birth, country, created_at) VALUES
(1,  'Aditya',    'Sharma',    'aditya.sharma@email.com',    '$2b$12$abc111', 'Male',              '1998-03-15', 'India',       '2024-01-10 09:00:00'),
(2,  'Emily',     'Johnson',   'emily.johnson@email.com',    '$2b$12$abc112', 'Female',            '1995-07-22', 'USA',         '2024-01-12 10:30:00'),
(3,  'Lucas',     'Martinez',  'lucas.martinez@email.com',   '$2b$12$abc113', 'Male',              '2000-11-05', 'Brazil',      '2024-01-15 14:00:00'),
(4,  'Sophia',    'Chen',      'sophia.chen@email.com',      '$2b$12$abc114', 'Female',            '1997-04-18', 'China',       '2024-01-18 11:00:00'),
(5,  'Mohammed',  'Ali',       'mohammed.ali@email.com',     '$2b$12$abc115', 'Male',              '1993-09-30', 'UAE',         '2024-01-20 16:00:00'),
(6,  'Priya',     'Patel',     'priya.patel@email.com',      '$2b$12$abc116', 'Female',            '1999-02-14', 'India',       '2024-01-22 08:30:00'),
(7,  'James',     'Wilson',    'james.wilson@email.com',     '$2b$12$abc117', 'Male',              '1990-06-08', 'UK',          '2024-01-25 12:00:00'),
(8,  'Isabella',  'Rossi',     'isabella.rossi@email.com',   '$2b$12$abc118', 'Female',            '1996-12-25', 'Italy',       '2024-01-28 15:00:00'),
(9,  'Kenji',     'Tanaka',    'kenji.tanaka@email.com',     '$2b$12$abc119', 'Male',              '1994-08-12', 'Japan',       '2024-02-01 09:30:00'),
(10, 'Amara',     'Nwosu',     'amara.nwosu@email.com',      '$2b$12$abc120', 'Female',            '2001-03-28', 'Nigeria',     '2024-02-03 11:30:00'),
(11, 'Carlos',    'Gomez',     'carlos.gomez@email.com',     '$2b$12$abc121', 'Male',              '1988-10-17', 'Mexico',      '2024-02-05 13:00:00'),
(12, 'Nina',      'Petrov',    'nina.petrov@email.com',      '$2b$12$abc122', 'Female',            '1992-05-03', 'Russia',      '2024-02-07 14:30:00'),
(13, 'Arjun',     'Singh',     'arjun.singh@email.com',      '$2b$12$abc123', 'Male',              '1997-01-21', 'India',       '2024-02-10 10:00:00'),
(14, 'Fatima',    'Al-Hassan', 'fatima.alhassan@email.com',  '$2b$12$abc124', 'Female',            '1998-07-09', 'Saudi Arabia','2024-02-12 12:30:00'),
(15, 'Oliver',    'Brown',     'oliver.brown@email.com',     '$2b$12$abc125', 'Male',              '1991-04-04', 'Australia',   '2024-02-15 09:00:00'),
(16, 'Hannah',    'Schmidt',   'hannah.schmidt@email.com',   '$2b$12$abc126', 'Female',            '1999-11-11', 'Germany',     '2024-02-18 11:00:00'),
(17, 'Wei',       'Zhang',     'wei.zhang@email.com',        '$2b$12$abc127', 'Male',              '1995-06-30', 'China',       '2024-02-20 14:00:00'),
(18, 'Valentina', 'Garcia',    'valentina.garcia@email.com', '$2b$12$abc128', 'Female',            '2000-08-19', 'Argentina',   '2024-02-22 16:00:00'),
(19, 'Ravi',      'Kumar',     'ravi.kumar@email.com',       '$2b$12$abc129', 'Male',              '1993-12-07', 'India',       '2024-02-25 08:00:00'),
(20, 'Chloe',     'Dubois',    'chloe.dubois@email.com',     '$2b$12$abc130', 'Female',            '1996-03-22', 'France',      '2024-02-27 10:30:00'),
(21, 'Ahmed',     'Ibrahim',   'ahmed.ibrahim@email.com',    '$2b$12$abc131', 'Male',              '1989-09-14', 'Egypt',       '2024-03-01 09:00:00'),
(22, 'Mia',       'Taylor',    'mia.taylor@email.com',       '$2b$12$abc132', 'Female',            '2002-01-06', 'USA',         '2024-03-03 11:00:00'),
(23, 'Dmitri',    'Volkov',    'dmitri.volkov@email.com',    '$2b$12$abc133', 'Male',              '1990-04-29', 'Russia',      '2024-03-05 13:30:00'),
(24, 'Sun',       'Li',        'sun.li@email.com',           '$2b$12$abc134', 'Female',            '1997-10-15', 'China',       '2024-03-08 10:00:00'),
(25, 'Noah',      'Anderson',  'noah.anderson@email.com',    '$2b$12$abc135', 'Male',              '1994-02-28', 'USA',         '2024-03-10 12:00:00'),
(26, 'Sara',      'Park',      'sara.park@email.com',        '$2b$12$abc136', 'Female',            '1998-06-17', 'South Korea', '2024-03-12 14:00:00'),
(27, 'Liam',      'O\'Brien',  'liam.obrien@email.com',      '$2b$12$abc137', 'Male',              '1992-08-03', 'Ireland',     '2024-03-15 09:30:00'),
(28, 'Zara',      'Khan',      'zara.khan@email.com',        '$2b$12$abc138', 'Female',            '1999-12-31', 'Pakistan',    '2024-03-17 11:30:00'),
(29, 'Felix',     'Müller',    'felix.muller@email.com',     '$2b$12$abc139', 'Male',              '1995-05-20', 'Germany',     '2024-03-20 13:00:00'),
(30, 'Aisha',     'Diallo',    'aisha.diallo@email.com',     '$2b$12$abc140', 'Female',            '2000-07-04', 'Senegal',     '2024-03-22 15:00:00'),
(31, 'Marco',     'Ferrari',   'marco.ferrari@email.com',    '$2b$12$abc141', 'Male',              '1987-03-11', 'Italy',       '2024-03-25 09:00:00'),
(32, 'Yuki',      'Sato',      'yuki.sato@email.com',        '$2b$12$abc142', 'Female',            '1996-09-27', 'Japan',       '2024-03-27 11:00:00'),
(33, 'Diego',     'Hernandez', 'diego.hernandez@email.com',  '$2b$12$abc143', 'Male',              '1991-11-08', 'Spain',       '2024-04-01 12:00:00'),
(34, 'Layla',     'Hassan',    'layla.hassan@email.com',     '$2b$12$abc144', 'Female',            '1997-04-13', 'Lebanon',     '2024-04-03 14:00:00'),
(35, 'Ethan',     'Williams',  'ethan.williams@email.com',   '$2b$12$abc145', 'Male',              '2000-02-29', 'Canada',      '2024-04-05 10:00:00'),
(36, 'Mei',       'Huang',     'mei.huang@email.com',        '$2b$12$abc146', 'Female',            '1993-07-16', 'Taiwan',      '2024-04-08 12:30:00'),
(37, 'Ivan',      'Novak',     'ivan.novak@email.com',       '$2b$12$abc147', 'Male',              '1988-12-02', 'Czech Republic','2024-04-10 09:00:00'),
(38, 'Amelia',    'Wright',    'amelia.wright@email.com',    '$2b$12$abc148', 'Female',            '1999-05-25', 'UK',          '2024-04-12 11:00:00'),
(39, 'Tariq',     'Rahman',    'tariq.rahman@email.com',     '$2b$12$abc149', 'Male',              '1994-01-19', 'Bangladesh',  '2024-04-15 13:00:00'),
(40, 'Chiara',    'Bianchi',   'chiara.bianchi@email.com',   '$2b$12$abc150', 'Female',            '1996-08-08', 'Italy',       '2024-04-17 15:00:00'),
(41, 'Samuel',    'Lee',       'samuel.lee@email.com',       '$2b$12$abc151', 'Male',              '1992-10-23', 'South Korea', '2024-04-20 10:00:00'),
(42, 'Nadia',     'Kovac',     'nadia.kovac@email.com',      '$2b$12$abc152', 'Female',            '2001-03-07', 'Croatia',     '2024-04-22 12:00:00'),
(43, 'Ben',       'Thompson',  'ben.thompson@email.com',     '$2b$12$abc153', 'Male',              '1985-06-18', 'Australia',   '2024-04-25 14:00:00'),
(44, 'Yara',      'Santos',    'yara.santos@email.com',      '$2b$12$abc154', 'Female',            '1998-09-01', 'Brazil',      '2024-04-27 16:00:00'),
(45, 'Mikael',    'Lindqvist', 'mikael.lindqvist@email.com', '$2b$12$abc155', 'Male',              '1993-04-14', 'Sweden',      '2024-05-01 09:00:00'),
(46, 'Aya',       'Kobayashi', 'aya.kobayashi@email.com',    '$2b$12$abc156', 'Female',            '1997-11-29', 'Japan',       '2024-05-03 11:00:00'),
(47, 'Rafael',    'Souza',     'rafael.souza@email.com',     '$2b$12$abc157', 'Male',              '1990-07-05', 'Brazil',      '2024-05-05 13:00:00'),
(48, 'Lena',      'Fischer',   'lena.fischer@email.com',     '$2b$12$abc158', 'Female',            '1995-02-17', 'Germany',     '2024-05-08 10:00:00'),
(49, 'Omar',      'Mansour',   'omar.mansour@email.com',     '$2b$12$abc159', 'Male',              '1989-08-22', 'Morocco',     '2024-05-10 12:00:00'),
(50, 'Julia',     'Roberts',   'julia.roberts2@email.com',   '$2b$12$abc160', 'Female',            '1994-12-10', 'USA',         '2024-05-12 14:00:00');

-- ============================================================
-- 7. RATINGS (200 rows)
-- ============================================================
INSERT INTO ratings (user_id, movie_id, rating, rated_on) VALUES
-- User 1 rates 10 movies
(1, 1,  5, '2024-01-15 10:00:00'), (1, 2,  5, '2024-01-16 11:00:00'),
(1, 3,  5, '2024-01-17 12:00:00'), (1, 5,  4, '2024-01-18 13:00:00'),
(1, 7,  4, '2024-01-19 14:00:00'), (1, 8,  5, '2024-01-20 15:00:00'),
(1, 11, 4, '2024-01-21 16:00:00'), (1, 21, 5, '2024-01-22 17:00:00'),
(1, 35, 5, '2024-01-23 18:00:00'), (1, 46, 4, '2024-01-24 19:00:00'),
-- User 2 rates 10 movies
(2, 4,  5, '2024-01-20 09:00:00'), (2, 6,  4, '2024-01-21 10:00:00'),
(2, 9,  4, '2024-01-22 11:00:00'), (2, 12, 5, '2024-01-23 12:00:00'),
(2, 13, 4, '2024-01-24 13:00:00'), (2, 19, 5, '2024-01-25 14:00:00'),
(2, 20, 4, '2024-01-26 15:00:00'), (2, 24, 3, '2024-01-27 16:00:00'),
(2, 33, 4, '2024-01-28 17:00:00'), (2, 40, 5, '2024-01-29 18:00:00'),
-- User 3 rates 8 movies
(3, 1,  4, '2024-02-01 09:00:00'), (3, 7,  5, '2024-02-02 10:00:00'),
(3, 16, 5, '2024-02-03 11:00:00'), (3, 25, 3, '2024-02-04 12:00:00'),
(3, 26, 4, '2024-02-05 13:00:00'), (3, 34, 5, '2024-02-06 14:00:00'),
(3, 39, 5, '2024-02-07 15:00:00'), (3, 48, 4, '2024-02-08 16:00:00'),
-- User 4 rates 8 movies
(4, 2,  5, '2024-02-05 08:00:00'), (4, 10, 5, '2024-02-06 09:00:00'),
(4, 14, 4, '2024-02-07 10:00:00'), (4, 15, 4, '2024-02-08 11:00:00'),
(4, 23, 5, '2024-02-09 12:00:00'), (4, 30, 4, '2024-02-10 13:00:00'),
(4, 36, 5, '2024-02-11 14:00:00'), (4, 45, 3, '2024-02-12 15:00:00'),
-- User 5 rates 6 movies
(5, 3,  5, '2024-02-10 10:00:00'), (5, 5,  5, '2024-02-11 11:00:00'),
(5, 6,  4, '2024-02-12 12:00:00'), (5, 22, 4, '2024-02-13 13:00:00'),
(5, 43, 4, '2024-02-14 14:00:00'), (5, 44, 5, '2024-02-15 15:00:00'),
-- User 6 rates 7 movies
(6, 1,  5, '2024-02-15 09:00:00'), (6, 8,  5, '2024-02-16 10:00:00'),
(6, 17, 4, '2024-02-17 11:00:00'), (6, 18, 4, '2024-02-18 12:00:00'),
(6, 29, 5, '2024-02-19 13:00:00'), (6, 40, 5, '2024-02-20 14:00:00'),
(6, 49, 4, '2024-02-21 15:00:00'),
-- User 7 rates 9 movies
(7, 5,  5, '2024-02-20 08:00:00'), (7, 6,  5, '2024-02-21 09:00:00'),
(7, 9,  5, '2024-02-22 10:00:00'), (7, 11, 4, '2024-02-23 11:00:00'),
(7, 13, 5, '2024-02-24 12:00:00'), (7, 23, 5, '2024-02-25 13:00:00'),
(7, 37, 4, '2024-02-26 14:00:00'), (7, 46, 5, '2024-02-27 15:00:00'),
(7, 47, 4, '2024-02-28 16:00:00'),
-- User 8 rates 5 movies
(8, 4,  5, '2024-03-01 10:00:00'), (8, 24, 4, '2024-03-02 11:00:00'),
(8, 33, 5, '2024-03-03 12:00:00'), (8, 36, 4, '2024-03-04 13:00:00'),
(8, 38, 5, '2024-03-05 14:00:00'),
-- User 9 rates 8 movies
(9, 40, 5, '2024-03-05 09:00:00'), (9, 39, 5, '2024-03-06 10:00:00'),
(9, 16, 5, '2024-03-07 11:00:00'), (9, 26, 4, '2024-03-08 12:00:00'),
(9, 27, 4, '2024-03-09 13:00:00'), (9, 31, 3, '2024-03-10 14:00:00'),
(9, 48, 5, '2024-03-11 15:00:00'), (9, 49, 4, '2024-03-12 16:00:00'),
-- User 10 rates 6 movies
(10, 3,  5, '2024-03-10 08:00:00'), (10, 10, 5, '2024-03-11 09:00:00'),
(10, 19, 4, '2024-03-12 10:00:00'), (10, 20, 5, '2024-03-13 11:00:00'),
(10, 41, 4, '2024-03-14 12:00:00'), (10, 50, 4, '2024-03-15 13:00:00'),
-- User 11 rates 7 movies
(11, 5,  5, '2024-03-15 09:00:00'), (11, 11, 5, '2024-03-16 10:00:00'),
(11, 12, 5, '2024-03-17 11:00:00'), (11, 13, 4, '2024-03-18 12:00:00'),
(11, 14, 4, '2024-03-19 13:00:00'), (11, 37, 5, '2024-03-20 14:00:00'),
(11, 46, 5, '2024-03-21 15:00:00'),
-- User 12 rates 5 movies
(12, 16, 5, '2024-03-20 10:00:00'), (12, 39, 5, '2024-03-21 11:00:00'),
(12, 26, 4, '2024-03-22 12:00:00'), (12, 40, 5, '2024-03-23 13:00:00'),
(12, 48, 4, '2024-03-24 14:00:00'),
-- User 13 rates 8 movies
(13, 1,  4, '2024-03-25 09:00:00'), (13, 2,  5, '2024-03-26 10:00:00'),
(13, 8,  5, '2024-03-27 11:00:00'), (13, 15, 4, '2024-03-28 12:00:00'),
(13, 25, 3, '2024-03-29 13:00:00'), (13, 27, 4, '2024-03-30 14:00:00'),
(13, 35, 5, '2024-03-31 15:00:00'), (13, 45, 3, '2024-04-01 16:00:00'),
-- User 14 rates 6 movies
(14, 3,  5, '2024-04-01 09:00:00'), (14, 10, 5, '2024-04-02 10:00:00'),
(14, 42, 5, '2024-04-03 11:00:00'), (14, 43, 4, '2024-04-04 12:00:00'),
(14, 44, 5, '2024-04-05 13:00:00'), (14, 29, 5, '2024-04-06 14:00:00'),
-- User 15 rates 7 movies
(15, 7,  5, '2024-04-05 08:00:00'), (15, 25, 4, '2024-04-06 09:00:00'),
(15, 26, 5, '2024-04-07 10:00:00'), (15, 27, 4, '2024-04-08 11:00:00'),
(15, 31, 4, '2024-04-09 12:00:00'), (15, 34, 5, '2024-04-10 13:00:00'),
(15, 50, 4, '2024-04-11 14:00:00'),
-- User 16 rates 5 movies
(16, 4,  4, '2024-04-10 10:00:00'), (16, 19, 5, '2024-04-11 11:00:00'),
(16, 20, 5, '2024-04-12 12:00:00'), (16, 33, 4, '2024-04-13 13:00:00'),
(16, 49, 5, '2024-04-14 14:00:00'),
-- User 17 rates 8 movies
(17, 2,  5, '2024-04-15 09:00:00'), (17, 7,  4, '2024-04-16 10:00:00'),
(17, 25, 3, '2024-04-17 11:00:00'), (17, 26, 5, '2024-04-18 12:00:00'),
(17, 27, 5, '2024-04-19 13:00:00'), (17, 31, 3, '2024-04-20 14:00:00'),
(17, 40, 5, '2024-04-21 15:00:00'), (17, 45, 4, '2024-04-22 16:00:00'),
-- User 18 rates 6 movies
(18, 24, 5, '2024-04-20 09:00:00'), (18, 33, 5, '2024-04-21 10:00:00'),
(18, 36, 5, '2024-04-22 11:00:00'), (18, 38, 4, '2024-04-23 12:00:00'),
(18, 41, 4, '2024-04-24 13:00:00'), (18, 47, 3, '2024-04-25 14:00:00'),
-- User 19 rates 7 movies
(19, 1,  5, '2024-04-25 08:00:00'), (19, 2,  4, '2024-04-26 09:00:00'),
(19, 3,  5, '2024-04-27 10:00:00'), (19, 8,  5, '2024-04-28 11:00:00'),
(19, 21, 5, '2024-04-29 12:00:00'), (19, 22, 4, '2024-04-30 13:00:00'),
(19, 44, 5, '2024-05-01 14:00:00'),
-- User 20 rates 5 movies
(20, 6,  4, '2024-05-01 10:00:00'), (20, 9,  5, '2024-05-02 11:00:00'),
(20, 23, 5, '2024-05-03 12:00:00'), (20, 46, 4, '2024-05-04 13:00:00'),
(20, 47, 4, '2024-05-05 14:00:00'),
-- Users 21-30: varied ratings
(21, 3,  5, '2024-05-05 09:00:00'), (21, 5,  5, '2024-05-06 10:00:00'), (21, 10, 5, '2024-05-07 11:00:00'),
(22, 4,  4, '2024-05-08 09:00:00'), (22, 19, 5, '2024-05-09 10:00:00'), (22, 20, 4, '2024-05-10 11:00:00'),
(23, 11, 5, '2024-05-11 09:00:00'), (23, 13, 4, '2024-05-12 10:00:00'), (23, 37, 4, '2024-05-13 11:00:00'),
(24, 16, 5, '2024-05-14 09:00:00'), (24, 39, 5, '2024-05-15 10:00:00'), (24, 40, 5, '2024-05-16 11:00:00'),
(25, 1,  4, '2024-05-17 09:00:00'), (25, 7,  4, '2024-05-18 10:00:00'), (25, 34, 4, '2024-05-19 11:00:00'),
(26, 16, 5, '2024-05-20 09:00:00'), (26, 39, 5, '2024-05-21 10:00:00'), (26, 48, 4, '2024-05-22 11:00:00'),
(27, 5,  5, '2024-05-23 09:00:00'), (27, 12, 5, '2024-05-24 10:00:00'), (27, 44, 5, '2024-05-25 11:00:00'),
(28, 3,  5, '2024-05-26 09:00:00'), (28, 10, 5, '2024-05-27 10:00:00'), (28, 42, 5, '2024-05-28 11:00:00'),
(29, 2,  5, '2024-05-29 09:00:00'), (29, 8,  5, '2024-05-30 10:00:00'), (29, 35, 5, '2024-05-31 11:00:00'),
(30, 4,  4, '2024-06-01 09:00:00'), (30, 33, 4, '2024-06-02 10:00:00'), (30, 49, 5, '2024-06-03 11:00:00'),
-- Users 31-50: more ratings
(31, 5,  5, '2024-06-04 09:00:00'), (31, 6,  4, '2024-06-05 10:00:00'),
(32, 40, 5, '2024-06-06 09:00:00'), (32, 9,  4, '2024-06-07 10:00:00'),
(33, 22, 4, '2024-06-08 09:00:00'), (33, 43, 5, '2024-06-09 10:00:00'),
(34, 3,  5, '2024-06-10 09:00:00'), (34, 10, 5, '2024-06-11 10:00:00'),
(35, 7,  5, '2024-06-12 09:00:00'), (35, 25, 3, '2024-06-13 10:00:00'),
(36, 16, 4, '2024-06-14 09:00:00'), (36, 26, 4, '2024-06-15 10:00:00'),
(37, 1,  4, '2024-06-16 09:00:00'), (37, 11, 4, '2024-06-17 10:00:00'),
(38, 4,  5, '2024-06-18 09:00:00'), (38, 24, 4, '2024-06-19 10:00:00'),
(39, 16, 5, '2024-06-20 09:00:00'), (39, 39, 4, '2024-06-21 10:00:00'),
(40, 8,  5, '2024-06-22 09:00:00'), (40, 29, 5, '2024-06-23 10:00:00'),
(41, 16, 5, '2024-06-24 09:00:00'), (41, 39, 5, '2024-06-25 10:00:00'),
(42, 33, 5, '2024-06-26 09:00:00'), (42, 36, 4, '2024-06-27 10:00:00'),
(43, 3,  5, '2024-06-28 09:00:00'), (43, 44, 5, '2024-06-29 10:00:00'),
(44, 4,  5, '2024-06-30 09:00:00'), (44, 47, 3, '2024-07-01 10:00:00'),
(45, 2,  4, '2024-07-02 09:00:00'), (45, 8,  5, '2024-07-03 10:00:00'),
(46, 40, 5, '2024-07-04 09:00:00'), (46, 9,  4, '2024-07-05 10:00:00'),
(47, 5,  5, '2024-07-06 09:00:00'), (47, 47, 4, '2024-07-07 10:00:00'),
(48, 2,  5, '2024-07-08 09:00:00'), (48, 35, 5, '2024-07-09 10:00:00'),
(49, 3,  5, '2024-07-10 09:00:00'), (49, 10, 5, '2024-07-11 10:00:00'),
(50, 4,  4, '2024-07-12 09:00:00'), (50, 19, 5, '2024-07-13 10:00:00');

-- ============================================================
-- 8. REVIEWS (80 rows)
-- ============================================================
INSERT INTO reviews (user_id, movie_id, review_text, review_date) VALUES
(1,  1,  'Absolutely masterful filmmaking. The Joker is one of cinema\'s greatest villains. Heath Ledger\'s performance is unmatched.', '2024-01-15 10:30:00'),
(1,  2,  'Mind-bending from start to finish. Nolan crafts a labyrinth of dreams that keeps you guessing. The ending still haunts me.', '2024-01-16 11:30:00'),
(1,  3,  'A story of hope that transcends its prison setting. Morgan Freeman\'s narration is poetry in motion.', '2024-01-17 12:30:00'),
(2,  4,  'Tom Hanks delivers a career-best performance. Forrest Gump is funny, sad, and deeply moving all at once.', '2024-01-20 09:30:00'),
(2,  6,  'Tarantino at his finest. Unforgettable dialogue, incredible performances, and a non-linear structure that pays off brilliantly.', '2024-01-21 10:30:00'),
(2,  12, 'Jodie Foster and Anthony Hopkins share the screen in one of the most chilling actor dynamics ever committed to film.', '2024-01-23 12:30:00'),
(3,  1,  'Dark, gritty, and intelligent. The Dark Knight redefined what a superhero film could be.', '2024-02-01 09:30:00'),
(3,  7,  'The Matrix changed everything. A philosophical sci-fi action film that still feels revolutionary decades later.', '2024-02-02 10:30:00'),
(3,  16, 'Bong Joon-ho creates a razor-sharp social satire. Parasite deserved every award it won and more.', '2024-02-03 11:30:00'),
(4,  2,  'Each viewing reveals something new. The layered dream sequences are meticulously constructed.', '2024-02-05 08:30:00'),
(4,  10, 'Spielberg\'s Holocaust masterpiece. Difficult to watch but absolutely essential cinema.', '2024-02-06 09:30:00'),
(5,  3,  'One of the greatest movies ever made. Simple in premise, profound in execution.', '2024-02-10 10:30:00'),
(5,  5,  'The Godfather is not just a great gangster film—it\'s a great film, full stop. Coppola and Brando created something immortal.', '2024-02-11 11:30:00'),
(6,  8,  'Interstellar is Nolan\'s most ambitious film. The love story at its core is genuinely moving.', '2024-02-15 09:30:00'),
(6,  17, 'Joaquin Phoenix transforms himself completely. A difficult, brilliant, deeply unsettling performance.', '2024-02-17 11:30:00'),
(7,  5,  'Timeless. The Godfather improves with every viewing. The dinner table scene alone is worth the price of admission.', '2024-02-20 08:30:00'),
(7,  6,  'Tarantino\'s dialogue elevates every scene. A crime masterpiece that never gets old.', '2024-02-21 09:30:00'),
(7,  9,  'Scorsese captures the rise and fall of the mob with visceral energy. Ray Liotta has never been better.', '2024-02-22 10:30:00'),
(8,  4,  'A film that makes you laugh, cry, and feel grateful for life. Tom Hanks is incredible.', '2024-03-01 10:30:00'),
(8,  24, 'Epic romance on an epic scale. DiCaprio and Winslet have undeniable chemistry.', '2024-03-02 11:30:00'),
(9,  40, 'Miyazaki\'s magnum opus. Spirited Away is a breathtaking world of imagination and heart.', '2024-03-05 09:30:00'),
(9,  39, 'A Korean thriller that keeps you completely off-balance. Oldboy is unforgettable.', '2024-03-06 10:30:00'),
(9,  16, 'Parasite is a flawless film. Every frame is intentional. Bong Joon-ho is a genius.', '2024-03-07 11:30:00'),
(10, 3,  'Andy Dufresne is one of cinema\'s greatest heroes. The Shawshank Redemption is perfect.', '2024-03-10 08:30:00'),
(10, 20, 'Finding Nemo captures the unconditional love of parenthood perfectly. Gorgeous animation.', '2024-03-13 11:30:00'),
(11, 5,  'The Godfather is cinema\'s gold standard. Three hours fly by in a blink.', '2024-03-15 09:30:00'),
(11, 12, 'The Silence of the Lambs is a masterclass in sustained tension. Terrifying and brilliant.', '2024-03-17 11:30:00'),
(11, 14, 'The Usual Suspects has one of the greatest plot twists in film history.', '2024-03-19 13:30:00'),
(12, 16, 'Parasite is cinema at its most precise. The script is airtight.', '2024-03-20 10:30:00'),
(12, 40, 'Spirited Away is a timeless masterpiece. Perfect for all ages.', '2024-03-23 13:30:00'),
(13, 1,  'Nolan\'s Batman trilogy peaked here. The Joker is a truly terrifying force of nature.', '2024-03-25 09:30:00'),
(13, 2,  'Inception left me questioning reality for days. Brilliant cinema.', '2024-03-26 10:30:00'),
(13, 35, 'The Prestige is Nolan\'s most underrated film. Two magicians in a battle of obsession.', '2024-03-31 15:30:00'),
(14, 3,  'The Shawshank Redemption is everything movies should aspire to be.', '2024-04-01 09:30:00'),
(14, 44, 'The Omaha Beach sequence alone would make Saving Private Ryan a landmark film.', '2024-04-05 13:30:00'),
(15, 7,  'The Matrix is science fiction at its most visionary. Still holds up perfectly.', '2024-04-05 08:30:00'),
(15, 26, 'Blade Runner 2049 is a gorgeous, meditative sequel that honours the original.', '2024-04-07 10:30:00'),
(16, 19, 'The Lion King is timeless Disney magic. The Circle of Life still gives chills.', '2024-04-10 10:30:00'),
(16, 20, 'Finding Nemo is a warm, funny, and emotionally resonant adventure.', '2024-04-11 11:30:00'),
(17, 2,  'Inception rewards repeat viewing. Nolan\'s screenplay is a feat of engineering.', '2024-04-15 09:30:00'),
(17, 26, 'Denis Villeneuve creates a sci-fi classic with Blade Runner 2049.', '2024-04-18 12:30:00'),
(18, 24, 'Titanic is a love story for the ages. Beautifully crafted by James Cameron.', '2024-04-20 09:30:00'),
(18, 33, 'La La Land is a love letter to dreamers and Hollywood. Visually stunning.', '2024-04-21 10:30:00'),
(19, 1,  'The Dark Knight sets the bar for all superhero films. Perfection.', '2024-04-25 08:30:00'),
(19, 3,  'Every frame of The Shawshank Redemption is a lesson in storytelling.', '2024-04-27 10:30:00'),
(19, 21, 'The Fellowship of the Ring is epic in every sense. Jackson created a world.', '2024-04-29 12:30:00'),
(20, 9,  'Goodfellas moves at lightning speed and never loses its energy for 146 minutes.', '2024-05-01 10:30:00'),
(20, 23, 'The Departed is a perfectly constructed thriller. Every actor is at their best.', '2024-05-03 12:30:00'),
(21, 5,  'The Godfather is the Sistine Chapel of cinema.', '2024-05-05 09:30:00'),
(21, 10, 'Schindler\'s List is a painful, necessary, and beautiful film.', '2024-05-07 11:30:00'),
(22, 19, 'The Lion King holds up as well today as it did in 1994.', '2024-05-08 09:30:00'),
(23, 11, 'Fight Club explodes onto the screen with raw energy and dark humour.', '2024-05-11 09:30:00'),
(23, 13, 'Se7en is relentlessly bleak and utterly gripping. Fincher at his best.', '2024-05-12 10:30:00'),
(24, 40, 'Spirited Away is pure cinematic magic. A world I want to live in.', '2024-05-14 09:30:00'),
(25, 1,  'The Dark Knight holds up after countless viewings. A genuine masterpiece.', '2024-05-17 09:30:00'),
(25, 7,  'The Matrix philosophy continues to reward deeper thinking.', '2024-05-18 10:30:00'),
(26, 16, 'Parasite is the rare film that works on every level simultaneously.', '2024-05-20 09:30:00'),
(26, 39, 'Oldboy is an assault on the senses in the best possible way.', '2024-05-21 10:30:00'),
(27, 5,  'The Godfather is cinema\'s greatest achievement in storytelling.', '2024-05-23 09:30:00'),
(27, 12, 'Anthony Hopkins makes Hannibal Lecter utterly unforgettable in just 16 minutes of screentime.', '2024-05-24 10:30:00'),
(28, 3,  'The Shawshank Redemption is a story about hope that I return to again and again.', '2024-05-26 09:30:00'),
(28, 10, 'Schindler\'s List is essential viewing. Difficult but profoundly important.', '2024-05-27 10:30:00'),
(29, 2,  'Inception is Christopher Nolan\'s finest puzzle box. A joy to unravel.', '2024-05-29 09:30:00'),
(29, 35, 'The Prestige is a magic trick in film form. The reveal is devastating.', '2024-05-31 11:30:00'),
(30, 49, 'Ratatouille proves that Pixar can make a great film out of anything. Remy is a legend.', '2024-06-03 11:30:00'),
(31, 5,  'Five stars is not enough for The Godfather. The greatest film ever made.', '2024-06-04 09:30:00'),
(32, 40, 'Spirited Away makes me believe in the power of cinema again every single time.', '2024-06-06 09:30:00'),
(33, 22, 'Russell Crowe is magnetic as Maximus. Gladiator is pure epic cinema.', '2024-06-08 09:30:00'),
(34, 3,  'The Shawshank Redemption is comfort cinema at its absolute finest.', '2024-06-10 09:30:00'),
(35, 7,  'The Matrix questioned my understanding of reality. Still does.', '2024-06-12 09:30:00'),
(36, 26, 'Blade Runner 2049 is a slow-burn masterpiece. Visually unparalleled.', '2024-06-14 09:30:00'),
(37, 1,  'The Dark Knight remains the greatest superhero film ever crafted.', '2024-06-16 09:30:00'),
(38, 4,  'Forrest Gump is one of those rare films that genuinely changes how you feel about life.', '2024-06-18 09:30:00'),
(39, 16, 'Parasite is startling, funny, and terrifying in equal measure. Perfect film.', '2024-06-20 09:30:00'),
(40, 8,  'Interstellar is Nolan\'s most emotional and ambitious work. The Endurance sequence is breathtaking.', '2024-06-22 09:30:00'),
(41, 16, 'Parasite is the film of its generation. A global masterpiece.', '2024-06-24 09:30:00'),
(42, 33, 'La La Land is as close to a perfect modern musical as Hollywood has produced.', '2024-06-26 09:30:00'),
(43, 44, 'Saving Private Ryan is the most realistic and emotional war film ever made.', '2024-06-28 09:30:00'),
(44, 4,  'Forrest Gump weaves through history with grace and warmth. A film for all time.', '2024-06-30 09:30:00'),
(45, 8,  'Interstellar dares to ask big questions and answers them with heart.', '2024-07-03 10:30:00'),
(46, 40, 'No film has ever transported me like Spirited Away. Miyazaki is a treasure.', '2024-07-04 09:30:00'),
(47, 5,  'The Godfather is flawless from the first frame to the last.', '2024-07-06 09:30:00'),
(48, 35, 'The Prestige is a perfect film. Everything clicks into place on a rewatch.', '2024-07-09 10:30:00'),
(49, 10, 'Schindler\'s List is a monument to human dignity and suffering. Essential.', '2024-07-11 10:30:00'),
(50, 19, 'The Lion King is as powerful today as it was in 1994. Timeless Disney.', '2024-07-13 10:30:00');

-- ============================================================
-- 9. WATCHLIST (100 entries)
-- ============================================================
INSERT INTO watchlist (user_id, movie_id, watch_status, added_on) VALUES
(1,  1,  'Completed',    '2024-01-14 20:00:00'),
(1,  2,  'Completed',    '2024-01-15 21:00:00'),
(1,  3,  'Completed',    '2024-01-16 20:00:00'),
(1,  4,  'Plan to Watch','2024-01-17 18:00:00'),
(1,  5,  'Plan to Watch','2024-01-18 19:00:00'),
(2,  4,  'Completed',    '2024-01-19 20:00:00'),
(2,  6,  'Completed',    '2024-01-20 21:00:00'),
(2,  19, 'Completed',    '2024-01-21 20:00:00'),
(2,  24, 'Watching',     '2024-01-22 18:00:00'),
(2,  40, 'Plan to Watch','2024-01-23 19:00:00'),
(3,  7,  'Completed',    '2024-02-01 20:00:00'),
(3,  16, 'Completed',    '2024-02-02 21:00:00'),
(3,  26, 'Plan to Watch','2024-02-03 18:00:00'),
(3,  39, 'Completed',    '2024-02-04 20:00:00'),
(3,  48, 'Plan to Watch','2024-02-05 19:00:00'),
(4,  2,  'Completed',    '2024-02-05 20:00:00'),
(4,  10, 'Completed',    '2024-02-06 21:00:00'),
(4,  14, 'Plan to Watch','2024-02-07 18:00:00'),
(4,  23, 'Completed',    '2024-02-08 20:00:00'),
(4,  36, 'Watching',     '2024-02-09 19:00:00'),
(5,  3,  'Completed',    '2024-02-10 20:00:00'),
(5,  5,  'Completed',    '2024-02-11 21:00:00'),
(5,  22, 'Plan to Watch','2024-02-12 18:00:00'),
(5,  44, 'Completed',    '2024-02-13 20:00:00'),
(5,  43, 'Plan to Watch','2024-02-14 19:00:00'),
(6,  1,  'Completed',    '2024-02-15 20:00:00'),
(6,  8,  'Completed',    '2024-02-16 21:00:00'),
(6,  17, 'Completed',    '2024-02-17 20:00:00'),
(6,  18, 'Plan to Watch','2024-02-18 18:00:00'),
(6,  49, 'Plan to Watch','2024-02-19 19:00:00'),
(7,  5,  'Completed',    '2024-02-20 20:00:00'),
(7,  6,  'Completed',    '2024-02-21 21:00:00'),
(7,  9,  'Completed',    '2024-02-22 20:00:00'),
(7,  23, 'Completed',    '2024-02-23 18:00:00'),
(7,  46, 'Watching',     '2024-02-24 19:00:00'),
(8,  4,  'Completed',    '2024-03-01 20:00:00'),
(8,  24, 'Completed',    '2024-03-02 21:00:00'),
(8,  33, 'Completed',    '2024-03-03 20:00:00'),
(8,  36, 'Plan to Watch','2024-03-04 18:00:00'),
(8,  38, 'Watching',     '2024-03-05 19:00:00'),
(9,  16, 'Completed',    '2024-03-06 20:00:00'),
(9,  39, 'Completed',    '2024-03-07 21:00:00'),
(9,  40, 'Completed',    '2024-03-08 20:00:00'),
(9,  26, 'Plan to Watch','2024-03-09 18:00:00'),
(9,  27, 'Plan to Watch','2024-03-10 19:00:00'),
(10, 3,  'Completed',    '2024-03-11 20:00:00'),
(10, 10, 'Completed',    '2024-03-12 21:00:00'),
(10, 19, 'Completed',    '2024-03-13 20:00:00'),
(10, 20, 'Completed',    '2024-03-14 18:00:00'),
(10, 41, 'Plan to Watch','2024-03-15 19:00:00'),
(11, 5,  'Completed',    '2024-03-16 20:00:00'),
(11, 12, 'Completed',    '2024-03-17 21:00:00'),
(11, 13, 'Completed',    '2024-03-18 20:00:00'),
(11, 37, 'Plan to Watch','2024-03-19 18:00:00'),
(11, 46, 'Watching',     '2024-03-20 19:00:00'),
(12, 16, 'Completed',    '2024-03-21 20:00:00'),
(12, 39, 'Completed',    '2024-03-22 21:00:00'),
(12, 40, 'Completed',    '2024-03-23 20:00:00'),
(12, 26, 'Plan to Watch','2024-03-24 18:00:00'),
(12, 48, 'Plan to Watch','2024-03-25 19:00:00'),
(13, 1,  'Completed',    '2024-03-26 20:00:00'),
(13, 2,  'Completed',    '2024-03-27 21:00:00'),
(13, 8,  'Completed',    '2024-03-28 20:00:00'),
(13, 35, 'Completed',    '2024-03-29 18:00:00'),
(13, 25, 'Plan to Watch','2024-03-30 19:00:00'),
(14, 3,  'Completed',    '2024-04-01 20:00:00'),
(14, 10, 'Completed',    '2024-04-02 21:00:00'),
(14, 29, 'Completed',    '2024-04-03 20:00:00'),
(14, 42, 'Completed',    '2024-04-04 18:00:00'),
(14, 44, 'Completed',    '2024-04-05 19:00:00'),
(15, 7,  'Completed',    '2024-04-06 20:00:00'),
(15, 26, 'Completed',    '2024-04-07 21:00:00'),
(15, 31, 'Plan to Watch','2024-04-08 18:00:00'),
(15, 34, 'Completed',    '2024-04-09 20:00:00'),
(15, 50, 'Plan to Watch','2024-04-10 19:00:00'),
(16, 19, 'Completed',    '2024-04-11 20:00:00'),
(16, 20, 'Completed',    '2024-04-12 21:00:00'),
(16, 33, 'Plan to Watch','2024-04-13 18:00:00'),
(16, 49, 'Completed',    '2024-04-14 20:00:00'),
(16, 4,  'Watching',     '2024-04-15 19:00:00'),
(17, 7,  'Completed',    '2024-04-16 20:00:00'),
(17, 25, 'Plan to Watch','2024-04-17 21:00:00'),
(17, 26, 'Completed',    '2024-04-18 20:00:00'),
(17, 40, 'Completed',    '2024-04-19 18:00:00'),
(17, 45, 'Plan to Watch','2024-04-20 19:00:00'),
(18, 24, 'Completed',    '2024-04-21 20:00:00'),
(18, 33, 'Completed',    '2024-04-22 21:00:00'),
(18, 36, 'Completed',    '2024-04-23 20:00:00'),
(18, 38, 'Watching',     '2024-04-24 18:00:00'),
(18, 41, 'Plan to Watch','2024-04-25 19:00:00'),
(19, 1,  'Completed',    '2024-04-26 20:00:00'),
(19, 3,  'Completed',    '2024-04-27 21:00:00'),
(19, 21, 'Completed',    '2024-04-28 20:00:00'),
(19, 22, 'Plan to Watch','2024-04-29 18:00:00'),
(19, 44, 'Completed',    '2024-04-30 19:00:00'),
(20, 6,  'Completed',    '2024-05-01 20:00:00'),
(20, 9,  'Completed',    '2024-05-02 21:00:00'),
(20, 23, 'Completed',    '2024-05-03 20:00:00'),
(20, 46, 'Watching',     '2024-05-04 18:00:00'),
(20, 47, 'Plan to Watch','2024-05-05 19:00:00');

-- ============================================================
-- 10. RECOMMENDATIONS (30 entries)
-- ============================================================
INSERT INTO recommendations (user_id, movie_id, recommendation_score, recommendation_reason, created_at) VALUES
(1,  6,  92.50, 'Based on your love of Action and Thriller movies',           '2024-01-25 10:00:00'),
(1,  9,  88.00, 'Based on your high ratings for Crime dramas',                '2024-01-25 10:01:00'),
(1,  22, 85.50, 'Popular among users with similar taste',                     '2024-01-25 10:02:00'),
(2,  3,  95.00, 'Highly rated Drama matching your viewing history',           '2024-01-30 11:00:00'),
(2,  10, 93.00, 'Based on your interest in historical dramas',                '2024-01-30 11:01:00'),
(2,  40, 89.50, 'Top-rated animation that matches your profile',              '2024-01-30 11:02:00'),
(3,  1,  91.00, 'Top-rated Action film based on your genre preferences',      '2024-02-09 12:00:00'),
(3,  5,  90.00, 'Highly rated Crime film matching your Parasite rating',      '2024-02-09 12:01:00'),
(3,  35, 86.00, 'Thriller fans who like Parasite also loved The Prestige',    '2024-02-09 12:02:00'),
(4,  1,  94.00, 'Based on your top ratings for Sci-Fi and Thriller films',    '2024-02-13 13:00:00'),
(4,  7,  91.50, 'Sci-Fi fans who rated Inception highly love The Matrix',     '2024-02-13 13:01:00'),
(4,  35, 88.00, 'Mystery and Thriller genre match',                           '2024-02-13 13:02:00'),
(5,  1,  90.00, 'Action genre match based on your watch history',             '2024-02-16 14:00:00'),
(5,  9,  89.00, 'Crime fans who loved The Godfather also rate Goodfellas 5☆', '2024-02-16 14:01:00'),
(5,  21, 87.50, 'Adventure lovers frequently enjoy LOTR',                     '2024-02-16 14:02:00'),
(6,  2,  93.50, 'Sci-Fi recommendation based on Interstellar rating',         '2024-02-22 15:00:00'),
(6,  7,  90.00, 'The Matrix completes your Sci-Fi trilogy',                   '2024-02-22 15:01:00'),
(6,  35, 88.00, 'Thriller fans who loved Dark Knight enjoy The Prestige',     '2024-02-22 15:02:00'),
(7,  12, 92.00, 'Crime/Thriller based on your viewing pattern',               '2024-02-28 16:00:00'),
(7,  14, 89.00, 'Mystery fans who love Pulp Fiction also enjoy this',         '2024-02-28 16:01:00'),
(7,  15, 87.00, 'Memento is a must for Thriller genre fans',                  '2024-02-28 16:02:00'),
(8,  2,  88.00, 'Based on your Drama and Romance ratings',                    '2024-03-06 10:00:00'),
(8,  19, 85.00, 'Family genre match based on your profile',                   '2024-03-06 10:01:00'),
(9,  5,  91.00, 'Crime genre recommendation based on Parasite and Oldboy',    '2024-03-13 11:00:00'),
(9,  7,  89.50, 'Sci-Fi fans who enjoyed Blade Runner also love The Matrix',  '2024-03-13 11:01:00'),
(10, 5,  94.00, 'Crime/Drama based on your top ratings',                      '2024-03-16 12:00:00'),
(10, 21, 88.50, 'Adventure fans who enjoyed animated films love LOTR',        '2024-03-16 12:01:00'),
(11, 9,  91.00, 'Crime genre match – Goodfellas for a Godfather fan',         '2024-03-22 13:00:00'),
(12, 5,  93.00, 'Crime recommendation based on your Parasite and Oldboy love','2024-03-26 14:00:00'),
(13, 15, 87.50, 'Memento is ideal for fans of Inception and The Prestige',    '2024-04-02 15:00:00');

-- Re-enable FK checks
SET FOREIGN_KEY_CHECKS = 1;
